-- DDL --
insert into words
values
    (1, 'Arithmetic');
insert into words
values
    (2, 'Basis/Base');
insert into words
values
    (3, 'Consecutive Numbers');
insert into words
values
    (4, 'Diophantine Equation');
insert into words
values
    (5, 'Divides');
insert into words
values
    (6, 'Equal');
insert into words
values
    (7, 'Euclid');
insert into words
values
    (8, 'Factorization');
insert into words
values
    (9, 'Integer Number');
insert into words
values
    (10, 'Lemma');
insert into words
values
    (11, 'Linear');
insert into words
values
    (12, 'Natural Number');
insert into words
values
    (13, 'Number Theory');
insert into words
values
    (14, 'Prime Number');
insert into words
values
    (15, 'Real Number');
insert into words
values
    (16, 'Theorem');
insert into words
values
    (17, 'Theory');
insert into defs
values
    (1, 'The branch of mathematics dealing with the properties and manipulation of numbers.');
insert into defs
values
    (2, 'Normally defined as the underlying support or foundation for an idea, argument, or process. In Number Theory, this is the number of digits or combination of digits that a system of counting uses to represent numbers. (We normally use base 10 since our single digit numbers go from 0 to 9. Binary is base 2 since it goes from 0 to 1).');
insert into defs
values
    (3, 'A sequence of Numbers which follow each other in order, without gaps, from smallest to largest.');
insert into defs
values
    (4, 'A polynomial equation, usually with two or more unknowns, such that only the integer solutions are sought or studied.');
insert into defs
values
    (5, 'When, for Integers A and B, "A divides B", we write this as "A|B". This means there must exist an Integer, C, for which A * C = B. Also, A is known as the divisor.');
insert into defs
values
    (6, 'Assertion that two or more quantities have the same value, or that the expressions represent the same mathematical object.');
insert into defs
values
    (7, 'A Proper Noun, He was sometimes called Euclid of Alexandria to distinguish him from Euclid of Megara. He was a Greek mathematician, often referred to as the "founder of geometry" or the "father of geometry".');
insert into defs
values
    (8, 'Writing a number or another mathematical object as a product of several factors, usually smaller or simpler objects of the same kind.');
insert into defs
values
    (9, 'A number that can be written without a fractional component.');
insert into defs
values
    (10, 'A subsidiary or intermediate theorem in an argument or proof.');
insert into defs
values
    (11, 'Able to be represented by a straight line on a graph; involving or exhibiting directly proportional change in two related quantities.');
insert into defs
values
    (12, 'In this context, an Integer that is larger than 0.');
insert into defs
values
    (13, 'A branch of pure mathematics devoted primarily to the study of the integers and integer-valued functions.');
insert into defs
values
    (14, 'A Natural Number greater than 1 that is not a product of two smaller Natural Numbers.');
insert into defs
values
    (15, 'A Number that is not the square root of a negative number.');
insert into defs
values
    (16, 'A formula, proposition, or statement in mathematics or logic deduced or to be deduced from other formulas or propositions.');
insert into defs
values
    (17, 'A supposition or a system of ideas intended to explain something, especially one based on general principles independent of the thing to be explained.');
insert into term_entry
    (word_id, def_id, added_by, date_added)
values
    (1, 1, 'mwgarvey', '1990/11/23');
insert into term_entry
    (word_id, def_id, added_by, date_added)
values
    (2, 2, 'mwgarvey', '1990/11/23');
insert into term_entry
    (word_id, def_id, added_by, date_added)
values
    (3, 3, 'mwgarvey', '1990/11/23');
insert into term_entry
    (word_id, def_id, added_by, date_added)
values
    (4, 4, 'mwgarvey', '1990/11/23');
insert into term_entry
    (word_id, def_id, added_by, date_added)
values
    (5, 5, 'mwgarvey', '1990/11/23');
insert into term_entry
    (word_id, def_id, added_by, date_added)
values
    (6, 6, 'mwgarvey', '1990/11/23');
insert into term_entry
    (word_id, def_id, added_by, date_added)
values
    (7, 7, 'mwgarvey', '1990/11/23');
insert into term_entry
    (word_id, def_id, added_by, date_added)
values
    (8, 8, 'mwgarvey', '1990/11/23');
insert into term_entry
    (word_id, def_id, added_by, date_added)
values
    (9, 9, 'mwgarvey', '1990/11/23');
insert into term_entry
    (word_id, def_id, added_by, date_added)
values
    (10, 10, 'mwgarvey', '1990/11/23');
insert into term_entry
    (word_id, def_id, added_by, date_added)
values
    (11, 11, 'mwgarvey', '1990/11/23');
insert into term_entry
    (word_id, def_id, added_by, date_added)
values
    (12, 12, 'mwgarvey', '1990/11/23');
insert into term_entry
    (word_id, def_id, added_by, date_added)
values
    (13, 13, 'mwgarvey', '1990/11/23');
insert into term_entry
    (word_id, def_id, added_by, date_added)
values
    (14, 14, 'mwgarvey', '1990/11/23');
insert into term_entry
    (word_id, def_id, added_by, date_added)
values
    (15, 15, 'mwgarvey', '1990/11/23');
insert into term_entry
    (word_id, def_id, added_by, date_added)
values
    (16, 16, 'mwgarvey', '1990/11/23');
insert into term_entry
    (word_id, def_id, added_by, date_added)
values
    (17, 17, 'mwgarvey', '1990/11/23');